Celula,NombreProyecto
Aida,AEL.Anubis.API:Quality
Aida,AEL.Anubis.BFF:Quality
Aida,AEL.Atlas.TransformadorContable.Calypso.Function:Quality
Aida,AEL.Anubis.Portal:Quality
Aida,AEL.Atlas.TransformadorContable.API
Aida,AEL.Atlas.TransformadorContable.Facturas.Function:Quality
Aida,AEL.Atlas.TransformadorContable.Libreria:Quality
Aida,AEL.Facturador.ConsultaEstados.Funcion:Quality
Aida,AEL.Facturador.EnvioFactura.Funcion:Quality
Aida,AEL.Facturador.Gestor.API.Quality
Aida,AEL.Facturador.Proveedores.Libreria:Quality
Bon Voyage,LogsBancarios-PlanillaNSinPago-GenerarLogsBancarios-Cola:Quality
Bon Voyage,AEL.ValidadorPropio.DisposicionFinal.Api:Quality
Bon Voyage,AEL.Administradora.Planillas.API:Quality
Bon Voyage,AEL.Administradora.ArchivosInterconexion.API:Quality
Bon Voyage,AEL.Descomprimir.Funcion:Quality
Bon Voyage,AEL.Administradora.ArchivosSalida.API:Quality
Bon Voyage,AEL.Administradora.CotizantesMultiplesPagos.ValidarEstructura.Function:Quality
Bon Voyage,AEL.Administradora.CotizantesMultiplesPagos.ValidarEstructura.API:Quality
Bon Voyage,AEL.Administradora.GeneracionResultados.Trasladar.Function:Quality
Bon Voyage,AEL.ValidadorPropio.Distribucion.Function:Quality
Bon Voyage,AEL.Administradora.Orquestador.Function:Quality
Bon Voyage,AEL.Administradora.CargueDatosBDReferencias.API:Quality
Bon Voyage,AEL.Administradora.CargueDatosBDReferencias.Funcion:Quality
Bon Voyage,AEL.Administradora.Cifrado.Function:Quality
Bon Voyage,AEL.Empaquetador.ActivarProcesos.Function:Quality
Bon Voyage,AEL.Empaquetador.MoverArchivos.Function:Quality
Bon Voyage,AEL.Empaquetador.Comprimir.Function:Quality
Bon Voyage,AEL.Empaquetador.CifrarArchivosPub.Function:Quality
Bon Voyage,AEL.Administradora.Empaquetador.API:Quality
Bon Voyage,AEL.ValidacionesPropias.ComparaCadenas.API:Quality
Bon Voyage,AEL.ValidacionesPropias.ComparaCadenas.Function:Quality
Bon Voyage,AEL.ValidacionesPropias.AfiliadosBeneficiariosFsp.Function:Quality
Bon Voyage,AEL.Administradora.Monitor.Function:Quality
Bon Voyage,AEL.Administradora.Conciliador:Quality
Bon Voyage,AEL.Administradora.Receptor.Function:Quality
Bon Voyage,AEL.ValidacionesPropias.Afiliados.Function:Quality
Bon Voyage,AEL.ValidacionesPropias.Empleadores.Function:Quality
Bon Voyage,AEL.Administradora.Integrador.GestorCola.Function:Quality
Bon Voyage,AEL.GeneracionResultados.ArchivosFinales.Function:Quality
Bon Voyage,AEL.GeneracionResultadosContador.DurableFunction:Quality
Bon Voyage,AEL.ValidacionesPropias.ConsultarRedis.Library:Quality
Bon Voyage,AEL.Administradora.Integrador.Worker.WebJob:Quality
Bon Voyage,AEL.Administradora.Integrador.GestorDB.API:Quality
Bon Voyage,AEL.Administradora.AportanteIndependiente.Function:Quality
Bon Voyage,AEL.ValidadorPropio.DisposicionFinal.Function:Quality
Bon Voyage,AEL.ValidacionesPropias.CuentasVigencias.Function:Quality
Bon Voyage,AEL.ValidacionesPropias.ArchivosSalida.API:Quality
Bon Voyage,AEL.Voluntarias.Aportantes.API:Quality
Bon Voyage,AEL.Voluntarias.Entidades:Quality
Bon Voyage,AEL.Voluntarias.Aplicacion:Quality
Bon Voyage,AEL.LogsBancarios.AdministradorColas.Function:Quality
Bon Voyage,AEL.LogsBancarios.Notificaciones.Function:Quality
Bon Voyage,MafaW28:Quality
Bon Voyage,MafaWS10:Quality
Bon Voyage,MafaSW31:Quality
Bon Voyage,AEL.Administradora.ActualizacionMarcas.Function:Quality
Bon Voyage,AEL.Generador.Salida.ArchivosAcreditacion.Function
Bon Voyage,AEL.BDReferencia.CargueDatos.Function:Quality
Bon Voyage,AEL.ValidacionesPropias.RelacionesLaborales.Function
Bon Voyage,AEL.BDReferencia.DoubleMetaphone.Function:Quality
Bon Voyage,AEL.Administradora.Validador.Empleadores.Function:Quality
Bon Voyage,AEL.ValidacionesPropias.AfiliacionesPorvenir.Function:Quality
Bon Voyage,AEL.Generador.Salida.ArchivosImputacion.Function
Bon Voyage,AEL.Administradora.ActualizacionMarcasPorvenir.Function
Bon Voyage,AEL.ValidadorPropio.ValidarTripartita.Function
Bon Voyage,AEL.ValidadorPropio.Omisos.API
Bon Voyage,AEL.Administradora.Conciliacion.API:Quality
Bon Voyage,AEL.ValidadorPropio.OmisosNovedad200.Function
Bon Voyage,AEL.GeneradorSalidas.Colpensiones.Funcion:Quality
Bon Voyage,AEL.Administradora.Transportador.Worker:Quality
Bon Voyage,AEL.Generador.Salida.StickerOmisosCalcular.Function:Quality
Data Stargazer,aportes-pila-backend-batch-searchs
Data Stargazer,Portal.BackendDeL.Consultas.API
Data Stargazer,Portal.FrontDeL.Consultas.API:Quality
Data Stargazer,aportes-pila-backend-batch-billing-collector
Data Stargazer,aportes-pila-backend-billing-invoicer-lambdas:billing-invoicer
Enterprises,MafaW10:Quality
Enterprises,Operadorcentral:Quality
Enterprises,MafaS25:Quality
Enterprises,Mareigua.Fanaia.Novedades:Quality
Maya,AEL.AfiliacionEnLinea.Portal.Web:Quality
Maya,AEL.AfiliacionEnLinea.Procesos.Gateway:Quality
Maya,AEL.AfiliacionEnLinea.Registro.Servicio:Quality
Maya,AEL.AfiliacionEnLinea.Personas.Servicio:Quality
Maya,AEL.AfiliacionEnLinea.Afiliacion.Funcion:Quality
Maya,AEL.AfiliacionEnLinea.Pagos.Servicio:Quality
Mindshift,ael-api-nomina-utils:Quality
Mindshift,ael-api-nomina-pila:Quality
Mindshift,ael-api-nomina-payslip:Quality
Mindshift,ael-api-nomina-payroll:Quality
Mindshift,ael-api-nomina-payment:Quality
Mindshift,ael-api-nomina-novelty:Quality
Mindshift,ael-api-nomina-employer:Quality
Mindshift,ael-api-nomina-employee:Quality
Mindshift,ael-api-nomina-onboarding:Quality
Mindshift,ael-api-nomina-security:Quality
Mindshift,AEL.NominaElectronica.BackEnd:Quality
Mindshift,AEL.DebidaDiligencia.Backend:Quality
Mindshift,AEL.LogsAuditoria.Function:Quality
Mindshift,AEL.NominaElectronica.FrontEnd:Quality
Mindshift,AEL.DebidaDiligencia.FrontEnd:Quality
Mindshift,AEL.Notificaciones.BackEnd.API:Quality
Nova,AEL.Auditoria.Libreria
Nova,AEL.Auditoria.ProcesamientoEventos.Funcion_QG
Nova,AEL.Auditoria.IndexEventos.Funcion_QG
Nova,AEL.Auditoria.Portal:Quality
Nova,AEL.Auditoria.Consulta.Api:Quality
Nova,AEL.Auditoria.BFF.API:Quality
Nova,AEL.PasarelaPagos:Quality
Nova,AEL.Personas.API:Quality
Polaris,AEL.FanaiaRecaudo.CifradoBanRep.Servicio:Quality
Polaris,AEL.Interconexion.GestorColasInterconexion.Aplicacion:Quality
Polaris,Cesantias.ReExportador:Qaulity
Polaris,MafaSW20:Quality
Wakanda,Independientes.Web:Quality
Wakanda,AEL.infobip.servicebackend:Quality
